{
  "IcoMoonType": "selection",
  "icons": [
    {
      "icon": {
        "paths": [
          "M704 640c-64 64-64 128-128 128s-128-64-192-128-128-128-128-192 64-64 128-128-128-256-192-256-192 192-192 192c0 128 131.5 387.5 256 512s384 256 512 256c0 0 192-128 192-192s-192-256-256-192z"
        ],
        "tags": [
          "phone",
          "telephone",
          "contact",
          "support",
          "call"
        ],
        "defaultCode": 59714,
        "grid": 16,
        "attrs": []
      },
      "attrs": [],
      "properties": {
        "ligatures": "phone, telephone",
        "name": "phone",
        "order": 23,
        "id": 67,
        "prevSize": 26,
        "code": 59714
      },
      "setIdx": 0,
      "setId": 1,
      "iconIdx": 66
    },
    {
      "icon": {
        "paths": [
          "M832 192v-128h-640v128h-192v128c0 106.038 85.958 192 192 192 20.076 0 39.43-3.086 57.62-8.802 46.174 66.008 116.608 113.796 198.38 130.396v198.406h-64c-70.694 0-128 57.306-128 128h512c0-70.694-57.306-128-128-128h-64v-198.406c81.772-16.6 152.206-64.386 198.38-130.396 18.19 5.716 37.544 8.802 57.62 8.802 106.042 0 192-85.962 192-192v-128h-192zM192 436c-63.962 0-116-52.038-116-116v-64h116v64c0 40.186 7.43 78.632 20.954 114.068-6.802 1.246-13.798 1.932-20.954 1.932zM948 320c0 63.962-52.038 116-116 116-7.156 0-14.152-0.686-20.954-1.932 13.524-35.436 20.954-73.882 20.954-114.068v-64h116v64z"
        ],
        "tags": [
          "trophy",
          "cup",
          "prize",
          "award",
          "winner",
          "tournament"
        ],
        "defaultCode": 59806,
        "grid": 16,
        "attrs": []
      },
      "attrs": [],
      "properties": {
        "ligatures": "trophy, cup",
        "name": "trophy",
        "order": 11,
        "id": 159,
        "prevSize": 26,
        "code": 59806
      },
      "setIdx": 0,
      "setId": 1,
      "iconIdx": 158
    },
    {
      "icon": {
        "paths": [
          "M1024 576l-128-256h-192v-128c0-35.2-28.8-64-64-64h-576c-35.2 0-64 28.8-64 64v512l64 64h81.166c-10.898 18.832-17.166 40.678-17.166 64 0 70.692 57.308 128 128 128s128-57.308 128-128c0-23.322-6.268-45.168-17.166-64h354.334c-10.898 18.832-17.168 40.678-17.168 64 0 70.692 57.308 128 128 128s128-57.308 128-128c0-23.322-6.27-45.168-17.168-64h81.168v-192zM704 576v-192h132.668l96 192h-228.668z"
        ],
        "tags": [
          "truck",
          "transit",
          "transport",
          "delivery",
          "vehicle"
        ],
        "defaultCode": 59824,
        "grid": 16,
        "attrs": []
      },
      "attrs": [],
      "properties": {
        "ligatures": "truck, transit",
        "name": "truck",
        "order": 9,
        "id": 177,
        "prevSize": 26,
        "code": 59824
      },
      "setIdx": 0,
      "setId": 1,
      "iconIdx": 176
    },
    {
      "icon": {
        "paths": [
          "M325.8 457.4v111.8h184.8c-7.4 48-55.8 140.6-184.8 140.6-111.2 0-202-92.2-202-205.8s90.8-205.8 202-205.8c63.4 0 105.6 27 129.8 50.2l88.4-85.2c-56.8-53-130.4-85.2-218.2-85.2-180.2 0.2-325.8 145.8-325.8 326s145.6 325.8 325.8 325.8c188 0 312.8-132.2 312.8-318.4 0-21.4-2.4-37.8-5.2-54h-307.6z",
          "M1024 448h-96v-96h-96v96h-96v96h96v96h96v-96h96z"
        ],
        "tags": [
          "google-plus",
          "brand",
          "social"
        ],
        "defaultCode": 60043,
        "grid": 16,
        "attrs": []
      },
      "attrs": [],
      "properties": {
        "ligatures": "google-plus, brand5",
        "name": "google-plus",
        "order": 20,
        "id": 396,
        "prevSize": 26,
        "code": 60043
      },
      "setIdx": 0,
      "setId": 1,
      "iconIdx": 395
    },
    {
      "icon": {
        "paths": [
          "M608 192h160v-192h-160c-123.514 0-224 100.486-224 224v96h-128v192h128v512h192v-512h160l32-192h-192v-96c0-17.346 14.654-32 32-32z"
        ],
        "tags": [
          "facebook",
          "brand",
          "social"
        ],
        "defaultCode": 60048,
        "grid": 16,
        "attrs": []
      },
      "attrs": [],
      "properties": {
        "ligatures": "facebook, brand10",
        "name": "facebook",
        "order": 14,
        "id": 401,
        "prevSize": 26,
        "code": 60048
      },
      "setIdx": 0,
      "setId": 1,
      "iconIdx": 400
    },
    {
      "icon": {
        "paths": [
          "M1024 226.4c-37.6 16.8-78.2 28-120.6 33 43.4-26 76.6-67.2 92.4-116.2-40.6 24-85.6 41.6-133.4 51-38.4-40.8-93-66.2-153.4-66.2-116 0-210 94-210 210 0 16.4 1.8 32.4 5.4 47.8-174.6-8.8-329.4-92.4-433-219.6-18 31-28.4 67.2-28.4 105.6 0 72.8 37 137.2 93.4 174.8-34.4-1-66.8-10.6-95.2-26.2 0 0.8 0 1.8 0 2.6 0 101.8 72.4 186.8 168.6 206-17.6 4.8-36.2 7.4-55.4 7.4-13.6 0-26.6-1.4-39.6-3.8 26.8 83.4 104.4 144.2 196.2 146-72 56.4-162.4 90-261 90-17 0-33.6-1-50.2-3 93.2 59.8 203.6 94.4 322.2 94.4 386.4 0 597.8-320.2 597.8-597.8 0-9.2-0.2-18.2-0.6-27.2 41-29.4 76.6-66.4 104.8-108.6z"
        ],
        "tags": [
          "twitter",
          "brand",
          "tweet",
          "social"
        ],
        "defaultCode": 60054,
        "grid": 16,
        "attrs": []
      },
      "attrs": [],
      "properties": {
        "ligatures": "twitter, brand16",
        "name": "twitter",
        "order": 13,
        "id": 407,
        "prevSize": 26,
        "code": 60054
      },
      "setIdx": 0,
      "setId": 1,
      "iconIdx": 406
    },
    {
      "icon": {
        "paths": [
          "M512 1024c-282.4 0-512-229.6-512-512s229.6-512 512-512c282.4 0 512 229.6 512 512s-229.6 512-512 512v0zM943.8 582c-15-4.8-135.4-40.6-272.4-18.6 57.2 157.2 80.4 285.2 85 311.8 98-66.4 168-171.4 187.4-293.2v0zM682.8 915.2c-6.6-38.4-31.8-172-93.2-331.6-1 0.4-2 0.6-2.8 1-246.8 86-335.4 257-343.2 273 74.2 57.8 167.4 92.4 268.4 92.4 60.6 0 118.4-12.4 170.8-34.8v0zM187 805c10-17 130-215.6 355.4-288.6 5.6-1.8 11.4-3.6 17.2-5.2-11-24.8-23-49.8-35.4-74.2-218.2 65.4-430.2 62.6-449.4 62.4-0.2 4.4-0.2 8.8-0.2 13.4 0 112.2 42.6 214.8 112.4 292.2v0zM84 423c19.6 0.2 199.8 1 404.4-53.2-72.4-128.8-150.6-237.2-162.2-253-122.4 57.8-214 170.6-242.2 306.2v0zM409.6 87.4c12 16.2 91.6 124.4 163.2 256 155.6-58.2 221.4-146.8 229.2-158-77.2-68.6-178.8-110.2-290-110.2-35.2 0.2-69.6 4.4-102.4 12.2v0zM850.6 236.2c-9.2 12.4-82.6 106.4-244.2 172.4 10.2 20.8 20 42 29 63.4 3.2 7.6 6.4 15 9.4 22.6 145.6-18.2 290.2 11 304.6 14-1-103.2-38-198-98.8-272.4v0z"
        ],
        "tags": [
          "dribbble",
          "brand",
          "social"
        ],
        "defaultCode": 60071,
        "grid": 16,
        "attrs": []
      },
      "attrs": [],
      "properties": {
        "ligatures": "dribbble, brand31",
        "name": "dribbble",
        "order": 18,
        "id": 424,
        "prevSize": 26,
        "code": 60071
      },
      "setIdx": 0,
      "setId": 1,
      "iconIdx": 423
    },
    {
      "icon": {
        "paths": [
          "M404.2 448.6c13-9.4 19.2-25 19.2-46.6 0-12-2-21.8-6.2-29.4-4.4-7.6-10-13.6-17.4-17.8-7.2-4.4-15.4-7.4-24.8-9-9.2-1.8-19-2.6-29-2.6h-105.4v119.6h114c20 0.2 36.6-4.6 49.6-14.2z",
          "M422 556.6c-14.8-11.2-34.4-16.8-58.8-16.8h-122.6v141h120.2c11.2 0 21.6-1 31.6-3.2s19-5.6 26.6-10.8c7.6-5 13.8-11.8 18.4-20.4s6.8-19.8 6.8-33.2c0-26.4-7.4-45.2-22.2-56.6z",
          "M928 0h-832c-52.8 0-96 43.2-96 96v832c0 52.8 43.2 96 96 96h832c52.8 0 96-43.2 96-96v-832c0-52.8-43.2-96-96-96zM671.2 269.4h207.4v50.6h-207.4v-50.6zM541.6 686.4c-10 19-23.6 34.4-40.4 46.4-17 12-36.4 20.8-58.2 26.6-21.6 5.8-44 8.6-66.8 8.6h-248.2v-511.8h241.2c24.4 0 46.6 2.2 66.8 6.4 20 4.2 37.2 11.4 51.6 21.2 14.2 9.8 25.4 22.8 33.4 39 7.8 16 11.8 36.2 11.8 60 0 25.8-5.8 47.2-17.6 64.4s-29 31.2-52.2 42.2c31.6 9 54.8 25 70.2 47.6 15.6 22.8 23.2 50.2 23.2 82.2 0.2 26.2-4.8 48.6-14.8 67.2zM959.4 607.2h-267.4c0 29.2 10 57 25.2 72 15.2 14.8 37.2 22.4 65.8 22.4 20.6 0 38.2-5.2 53.2-15.6 14.8-10.4 23.8-21.4 27.2-32.8h89.6c-14.4 44.6-36.2 76.4-66 95.6-29.4 19.2-65.4 28.8-107.2 28.8-29.2 0-55.4-4.8-79-14-23.6-9.4-43.2-22.6-59.8-39.8-16.2-17.2-28.6-37.8-37.6-61.8-8.8-23.8-13.4-50.4-13.4-79 0-27.8 4.6-53.6 13.6-77.6 9.2-24 22-44.8 38.8-62 16.8-17.4 36.8-31.2 60-41.4 23.2-10 48.8-15 77.2-15 31.4 0 58.8 6 82.4 18.4 23.4 12.2 42.6 28.6 57.8 49.2s25.8 44 32.6 70.4c6.6 26 8.8 53.4 7 82.2z",
          "M776.6 463.8c-16.2 0-29.8 2.8-40.4 8.4s-19.2 12.4-25.8 20.4c-6.6 8.2-11 16.8-13.6 26.2-2.6 9-4.2 17.2-4.6 24.4h165.6c-2.4-26-11.4-45.2-23.4-58.6-12.4-13.6-32.8-20.8-57.8-20.8z"
        ],
        "tags": [
          "behance",
          "brand",
          "social"
        ],
        "defaultCode": 60073,
        "grid": 16,
        "attrs": []
      },
      "attrs": [],
      "properties": {
        "name": "behance2",
        "ligatures": "behance2, brand33",
        "order": 17,
        "id": 426,
        "prevSize": 26,
        "code": 60073
      },
      "setIdx": 0,
      "setId": 1,
      "iconIdx": 425
    },
    {
      "icon": {
        "paths": [
          "M512.008 12.642c-282.738 0-512.008 229.218-512.008 511.998 0 226.214 146.704 418.132 350.136 485.836 25.586 4.738 34.992-11.11 34.992-24.632 0-12.204-0.48-52.542-0.696-95.324-142.448 30.976-172.504-60.41-172.504-60.41-23.282-59.176-56.848-74.916-56.848-74.916-46.452-31.778 3.51-31.124 3.51-31.124 51.4 3.61 78.476 52.766 78.476 52.766 45.672 78.27 119.776 55.64 149.004 42.558 4.588-33.086 17.852-55.68 32.506-68.464-113.73-12.942-233.276-56.85-233.276-253.032 0-55.898 20.004-101.574 52.76-137.428-5.316-12.9-22.854-64.972 4.952-135.5 0 0 43.006-13.752 140.84 52.49 40.836-11.348 84.636-17.036 128.154-17.234 43.502 0.198 87.336 5.886 128.256 17.234 97.734-66.244 140.656-52.49 140.656-52.49 27.872 70.528 10.35 122.6 5.036 135.5 32.82 35.856 52.694 81.532 52.694 137.428 0 196.654-119.778 239.95-233.79 252.624 18.364 15.89 34.724 47.046 34.724 94.812 0 68.508-0.596 123.644-0.596 140.508 0 13.628 9.222 29.594 35.172 24.566 203.322-67.776 349.842-259.626 349.842-485.768 0-282.78-229.234-511.998-511.992-511.998z"
        ],
        "tags": [
          "github",
          "brand",
          "octacat",
          "social"
        ],
        "defaultCode": 60080,
        "grid": 16,
        "attrs": []
      },
      "attrs": [],
      "properties": {
        "ligatures": "github, brand40",
        "name": "github",
        "order": 22,
        "id": 433,
        "prevSize": 26,
        "code": 60080
      },
      "setIdx": 0,
      "setId": 1,
      "iconIdx": 432
    },
    {
      "icon": {
        "paths": [
          "M512 68.4c-245 0-443.6 198.6-443.6 443.6 0 188 117 348.4 282 413-3.8-35-7.4-89 1.6-127.2 8-34.6 52-220.4 52-220.4s-13.2-26.6-13.2-65.8c0-61.6 35.8-107.8 80.2-107.8 37.8 0 56.2 28.4 56.2 62.4 0 38-24.2 95-36.8 147.6-10.6 44.2 22 80.2 65.6 80.2 78.8 0 139.4-83.2 139.4-203.2 0-106.2-76.4-180.4-185.2-180.4-126.2 0-200.2 94.6-200.2 192.6 0 38.2 14.6 79 33 101.2 3.6 4.4 4.2 8.2 3 12.8-3.4 14-10.8 44.2-12.4 50.4-2 8.2-6.4 9.8-14.8 6-55.4-25.8-90-106.8-90-171.8 0-140 101.6-268.4 293-268.4 153.8 0 273.4 109.6 273.4 256.2 0 152.8-96.4 276-230.2 276-45 0-87.2-23.4-101.6-51 0 0-22.2 84.6-27.6 105.4-10 38.6-37 86.8-55.2 116.2 41.6 12.8 85.6 19.8 131.4 19.8 245 0 443.6-198.6 443.6-443.6 0-245.2-198.6-443.8-443.6-443.8z"
        ],
        "tags": [
          "pinterest",
          "brand",
          "social"
        ],
        "defaultCode": 60113,
        "grid": 16,
        "attrs": []
      },
      "attrs": [],
      "properties": {
        "name": "pinterest",
        "ligatures": "pinterest, brand72",
        "order": 15,
        "id": 466,
        "prevSize": 26,
        "code": 60113
      },
      "setIdx": 0,
      "setId": 1,
      "iconIdx": 465
    }
  ],
  "height": 1024,
  "metadata": {
    "name": "icomoon"
  },
  "preferences": {
    "showGlyphs": true,
    "showQuickUse": true,
    "showQuickUse2": true,
    "showSVGs": true,
    "fontPref": {
      "prefix": "icon-",
      "metadata": {
        "fontFamily": "icomoon"
      },
      "metrics": {
        "emSize": 1024,
        "baseline": 6.25,
        "whitespace": 50
      },
      "embed": false
    },
    "imagePref": {
      "prefix": "icon-",
      "png": true,
      "useClassSelector": true,
      "color": 0,
      "bgColor": 16777215,
      "classSelector": ".icon"
    },
    "historySize": 50,
    "showCodes": true,
    "gridSize": 16
  }
}